{
    "best_f1": 0.946776611694153,
    "training_time_seconds_this_run": 9.115074199999981,
    "training_time_minutes": 0.15191790333333302
}