{
    "best_val_dice": 0.747120568436892,
    "training_time_seconds_this_run": 1661.7141157,
    "training_time_minutes": 27.695235261666667
}