{
    "best_val_dice": 0.7428781969548284,
    "training_time_seconds_this_run": 1033.6071025,
    "training_time_minutes": 17.22678504166667
}